Sample_ID,True_Condition
Sample_001,Normal
Sample_002,Placental_Abruption
Sample_003,Preeclampsia
Sample_004,Normal
Sample_005,Normal
Sample_006,Normal
Sample_007,Normal
Sample_008,GDM
Sample_009,Normal
Sample_010,Preeclampsia
Sample_011,Normal
Sample_012,Placental_Abruption
Sample_013,GDM
Sample_014,Normal
Sample_015,Normal
Sample_016,Normal
Sample_017,Normal
Sample_018,Normal
Sample_019,Normal
Sample_020,Normal
Sample_021,Normal
Sample_022,Normal
Sample_023,Normal
Sample_024,Normal
Sample_025,Normal
Sample_026,Preeclampsia
Sample_027,Normal
Sample_028,Normal
Sample_029,Normal
Sample_030,Normal
Sample_031,Normal
Sample_032,Normal
Sample_033,Normal
Sample_034,Placental_Abruption
Sample_035,Placental_Abruption
Sample_036,GDM
Sample_037,Normal
Sample_038,Normal
Sample_039,Normal
Sample_040,Normal
Sample_041,Normal
Sample_042,Normal
Sample_043,Normal
Sample_044,Placental_Abruption
Sample_045,Normal
Sample_046,Normal
Sample_047,Normal
Sample_048,Normal
Sample_049,Normal
Sample_050,Normal
Sample_051,Placental_Abruption
Sample_052,Preeclampsia
Sample_053,Placental_Abruption
Sample_054,GDM
Sample_055,Normal
Sample_056,Placental_Abruption
Sample_057,Normal
Sample_058,Normal
Sample_059,Normal
Sample_060,Normal
Sample_061,Normal
Sample_062,Normal
Sample_063,GDM
Sample_064,Normal
Sample_065,Normal
Sample_066,Normal
Sample_067,Normal
Sample_068,GDM
Sample_069,Normal
Sample_070,Placental_Abruption
Sample_071,Preeclampsia
Sample_072,Normal
Sample_073,Normal
Sample_074,GDM
Sample_075,Preeclampsia
Sample_076,Preeclampsia
Sample_077,Preeclampsia
Sample_078,Normal
Sample_079,Normal
Sample_080,Normal
Sample_081,GDM
Sample_082,Normal
Sample_083,Normal
Sample_084,Normal
Sample_085,Normal
Sample_086,Normal
Sample_087,Preeclampsia
Sample_088,Normal
Sample_089,GDM
Sample_090,Normal
Sample_091,Normal
Sample_092,Preeclampsia
Sample_093,Preeclampsia
Sample_094,Normal
Sample_095,Preeclampsia
Sample_096,Normal
Sample_097,Normal
Sample_098,Normal
Sample_099,Normal
Sample_100,Normal
Sample_101,Normal
Sample_102,Normal
Sample_103,Normal
Sample_104,Normal
Sample_105,Placental_Abruption
Sample_106,Normal
Sample_107,Normal
Sample_108,Preeclampsia
Sample_109,Normal
Sample_110,Normal
Sample_111,Normal
Sample_112,Normal
Sample_113,Placental_Abruption
Sample_114,GDM
Sample_115,Normal
Sample_116,GDM
Sample_117,GDM
Sample_118,Normal
Sample_119,GDM
Sample_120,Normal
Sample_121,GDM
Sample_122,GDM
Sample_123,Normal
Sample_124,Normal
Sample_125,Normal
Sample_126,Normal
Sample_127,GDM
Sample_128,GDM
Sample_129,Normal
Sample_130,Normal
Sample_131,Normal
Sample_132,Normal
Sample_133,Normal
Sample_134,Normal
Sample_135,Placental_Abruption
Sample_136,Normal
Sample_137,Normal
Sample_138,Preeclampsia
Sample_139,Normal
Sample_140,Placental_Abruption
Sample_141,Placental_Abruption
Sample_142,Normal
Sample_143,Normal
Sample_144,Normal
Sample_145,Normal
Sample_146,Normal
Sample_147,Normal
Sample_148,Normal
Sample_149,Normal
Sample_150,Normal
Sample_151,Placental_Abruption
Sample_152,Normal
Sample_153,Normal
Sample_154,Normal
Sample_155,Placental_Abruption
Sample_156,Normal
Sample_157,Normal
Sample_158,Preeclampsia
Sample_159,Normal
Sample_160,Preeclampsia
Sample_161,Normal
Sample_162,Normal
Sample_163,Normal
Sample_164,Normal
Sample_165,Normal
Sample_166,GDM
Sample_167,Normal
Sample_168,Normal
Sample_169,Normal
Sample_170,Normal
Sample_171,Normal
Sample_172,Normal
Sample_173,Normal
Sample_174,Normal
Sample_175,Normal
Sample_176,Normal
Sample_177,Normal
Sample_178,Normal
Sample_179,Placental_Abruption
Sample_180,Normal
Sample_181,Normal
Sample_182,Normal
Sample_183,Placental_Abruption
Sample_184,GDM
Sample_185,Normal
Sample_186,Normal
Sample_187,GDM
Sample_188,Normal
Sample_189,Normal
Sample_190,Normal
Sample_191,Normal
Sample_192,GDM
Sample_193,Placental_Abruption
Sample_194,Normal
Sample_195,Normal
Sample_196,Normal
Sample_197,Preeclampsia
Sample_198,GDM
Sample_199,GDM
Sample_200,Preeclampsia
Sample_201,Normal
Sample_202,Normal
Sample_203,Normal
Sample_204,GDM
Sample_205,Normal
Sample_206,Normal
Sample_207,Normal
Sample_208,Normal
Sample_209,Normal
Sample_210,Normal
Sample_211,Normal
Sample_212,Normal
Sample_213,Normal
Sample_214,Normal
Sample_215,Preeclampsia
Sample_216,Normal
Sample_217,Normal
Sample_218,Preeclampsia
Sample_219,Normal
Sample_220,GDM
Sample_221,Normal
Sample_222,Normal
Sample_223,Normal
Sample_224,Normal
Sample_225,Normal
Sample_226,Normal
Sample_227,Placental_Abruption
Sample_228,Normal
Sample_229,GDM
Sample_230,Normal
Sample_231,Preeclampsia
Sample_232,Normal
Sample_233,Normal
Sample_234,Normal
Sample_235,Normal
Sample_236,Preeclampsia
Sample_237,Normal
Sample_238,Normal
Sample_239,Normal
Sample_240,Normal
Sample_241,Placental_Abruption
Sample_242,Placental_Abruption
Sample_243,Placental_Abruption
Sample_244,Normal
Sample_245,Normal
Sample_246,Placental_Abruption
Sample_247,Normal
Sample_248,Placental_Abruption
Sample_249,Placental_Abruption
Sample_250,GDM
Sample_251,Normal
Sample_252,Normal
Sample_253,GDM
Sample_254,Normal
Sample_255,Normal
Sample_256,Normal
Sample_257,Placental_Abruption
Sample_258,Normal
Sample_259,Normal
Sample_260,Normal
Sample_261,Normal
Sample_262,Placental_Abruption
Sample_263,Normal
Sample_264,Normal
Sample_265,GDM
Sample_266,Preeclampsia
Sample_267,Normal
Sample_268,Preeclampsia
Sample_269,Normal
Sample_270,Normal
Sample_271,GDM
Sample_272,GDM
Sample_273,GDM
Sample_274,Placental_Abruption
Sample_275,Normal
Sample_276,Normal
Sample_277,Preeclampsia
Sample_278,Normal
Sample_279,Preeclampsia
Sample_280,Preeclampsia
Sample_281,GDM
Sample_282,Normal
Sample_283,Normal
Sample_284,Normal
Sample_285,Normal
Sample_286,Normal
Sample_287,Normal
Sample_288,Normal
Sample_289,Normal
Sample_290,Normal
Sample_291,Normal
Sample_292,Normal
Sample_293,GDM
Sample_294,Normal
Sample_295,Normal
Sample_296,Normal
Sample_297,Preeclampsia
Sample_298,Normal
Sample_299,Normal
Sample_300,Normal
Sample_301,Normal
Sample_302,Normal
Sample_303,Normal
Sample_304,Normal
Sample_305,Preeclampsia
Sample_306,Placental_Abruption
Sample_307,Normal
Sample_308,Normal
Sample_309,Preeclampsia
Sample_310,Normal
Sample_311,Normal
Sample_312,Normal
Sample_313,Normal
Sample_314,Placental_Abruption
Sample_315,GDM
Sample_316,Normal
Sample_317,Normal
Sample_318,Normal
Sample_319,Normal
Sample_320,Normal
Sample_321,Normal
Sample_322,Preeclampsia
Sample_323,Normal
Sample_324,Normal
Sample_325,Placental_Abruption
Sample_326,Preeclampsia
Sample_327,Normal
Sample_328,Normal
Sample_329,Normal
Sample_330,Normal
Sample_331,Normal
Sample_332,Preeclampsia
Sample_333,Normal
Sample_334,Normal
Sample_335,Normal
Sample_336,Normal
Sample_337,GDM
Sample_338,Preeclampsia
Sample_339,Normal
Sample_340,Normal
Sample_341,Normal
Sample_342,Normal
Sample_343,Normal
Sample_344,Normal
Sample_345,Normal
Sample_346,Normal
Sample_347,Normal
Sample_348,Normal
Sample_349,Normal
Sample_350,Normal
Sample_351,Normal
Sample_352,GDM
Sample_353,Normal
Sample_354,Normal
Sample_355,Normal
Sample_356,Normal
Sample_357,Normal
Sample_358,Normal
Sample_359,Placental_Abruption
Sample_360,Normal
Sample_361,Normal
Sample_362,Normal
Sample_363,Normal
Sample_364,Normal
Sample_365,Placental_Abruption
Sample_366,Normal
Sample_367,Placental_Abruption
Sample_368,Placental_Abruption
Sample_369,Normal
Sample_370,Normal
Sample_371,Normal
Sample_372,Normal
Sample_373,Normal
Sample_374,Normal
Sample_375,Normal
Sample_376,Normal
Sample_377,GDM
Sample_378,Normal
Sample_379,GDM
Sample_380,Normal
Sample_381,Normal
Sample_382,Normal
Sample_383,Normal
Sample_384,GDM
Sample_385,Preeclampsia
Sample_386,GDM
Sample_387,Normal
Sample_388,Normal
Sample_389,Preeclampsia
Sample_390,GDM
Sample_391,Placental_Abruption
Sample_392,Normal
Sample_393,Normal
Sample_394,Preeclampsia
Sample_395,Normal
Sample_396,Placental_Abruption
Sample_397,GDM
Sample_398,Normal
Sample_399,Preeclampsia
Sample_400,Preeclampsia
Sample_401,Normal
Sample_402,Placental_Abruption
Sample_403,Normal
Sample_404,GDM
Sample_405,Normal
Sample_406,GDM
Sample_407,Normal
Sample_408,Normal
Sample_409,Placental_Abruption
Sample_410,Normal
Sample_411,Normal
Sample_412,Placental_Abruption
Sample_413,Placental_Abruption
Sample_414,Normal
Sample_415,Normal
Sample_416,Normal
Sample_417,Normal
Sample_418,Normal
Sample_419,Normal
Sample_420,Preeclampsia
Sample_421,Preeclampsia
Sample_422,Preeclampsia
Sample_423,Normal
Sample_424,Normal
Sample_425,Normal
Sample_426,Normal
Sample_427,Normal
Sample_428,GDM
Sample_429,Normal
Sample_430,Normal
Sample_431,Normal
Sample_432,Preeclampsia
Sample_433,Normal
Sample_434,Normal
Sample_435,Normal
Sample_436,Preeclampsia
Sample_437,Normal
Sample_438,GDM
Sample_439,Preeclampsia
Sample_440,Normal
Sample_441,Normal
Sample_442,Placental_Abruption
Sample_443,Normal
Sample_444,Normal
Sample_445,GDM
Sample_446,Placental_Abruption
Sample_447,Placental_Abruption
Sample_448,Preeclampsia
Sample_449,Normal
Sample_450,Normal
Sample_451,Preeclampsia
Sample_452,Normal
Sample_453,Normal
Sample_454,Placental_Abruption
Sample_455,Normal
Sample_456,Normal
Sample_457,Normal
Sample_458,Normal
Sample_459,Normal
Sample_460,Normal
Sample_461,Normal
Sample_462,Normal
Sample_463,Preeclampsia
Sample_464,Normal
Sample_465,Placental_Abruption
Sample_466,Normal
Sample_467,Normal
Sample_468,GDM
Sample_469,Normal
Sample_470,Placental_Abruption
Sample_471,Normal
Sample_472,Placental_Abruption
Sample_473,Normal
Sample_474,GDM
Sample_475,Normal
Sample_476,Placental_Abruption
Sample_477,Normal
Sample_478,Normal
Sample_479,Placental_Abruption
Sample_480,Normal
Sample_481,Normal
Sample_482,Normal
Sample_483,Normal
Sample_484,Normal
Sample_485,Normal
Sample_486,Placental_Abruption
Sample_487,Normal
Sample_488,Normal
Sample_489,Placental_Abruption
Sample_490,GDM
Sample_491,Normal
Sample_492,Normal
Sample_493,Normal
Sample_494,Normal
Sample_495,Normal
Sample_496,Normal
Sample_497,Normal
Sample_498,Normal
Sample_499,Placental_Abruption
Sample_500,Placental_Abruption
Sample_501,Normal
Sample_502,Normal
Sample_503,Normal
Sample_504,GDM
Sample_505,Normal
Sample_506,Normal
Sample_507,Placental_Abruption
Sample_508,GDM
Sample_509,Placental_Abruption
Sample_510,Preeclampsia
Sample_511,Normal
Sample_512,Normal
Sample_513,Placental_Abruption
Sample_514,GDM
Sample_515,Normal
Sample_516,Normal
Sample_517,Normal
Sample_518,GDM
Sample_519,Placental_Abruption
Sample_520,Normal
Sample_521,Normal
Sample_522,Normal
Sample_523,Placental_Abruption
Sample_524,GDM
Sample_525,GDM
Sample_526,Normal
Sample_527,Normal
Sample_528,Normal
Sample_529,Normal
Sample_530,GDM
Sample_531,GDM
Sample_532,Placental_Abruption
Sample_533,Placental_Abruption
Sample_534,Normal
Sample_535,Preeclampsia
Sample_536,Placental_Abruption
Sample_537,GDM
Sample_538,Normal
Sample_539,Normal
Sample_540,Normal
Sample_541,Placental_Abruption
Sample_542,Normal
Sample_543,Normal
Sample_544,Normal
Sample_545,Normal
Sample_546,Normal
Sample_547,Normal
Sample_548,Normal
Sample_549,Normal
Sample_550,Preeclampsia
Sample_551,Normal
Sample_552,GDM
Sample_553,Normal
Sample_554,Normal
Sample_555,GDM
Sample_556,Normal
Sample_557,Normal
Sample_558,Normal
Sample_559,Preeclampsia
Sample_560,Normal
Sample_561,Preeclampsia
Sample_562,Normal
Sample_563,Normal
Sample_564,Normal
Sample_565,Normal
Sample_566,Normal
Sample_567,Normal
Sample_568,Normal
Sample_569,Placental_Abruption
Sample_570,Normal
Sample_571,Normal
Sample_572,Preeclampsia
Sample_573,Normal
Sample_574,Normal
Sample_575,GDM
Sample_576,Placental_Abruption
Sample_577,Normal
Sample_578,Placental_Abruption
Sample_579,Normal
Sample_580,Normal
Sample_581,Normal
Sample_582,Placental_Abruption
Sample_583,Normal
Sample_584,Normal
Sample_585,Normal
Sample_586,Normal
Sample_587,Normal
Sample_588,Normal
Sample_589,Normal
Sample_590,Normal
Sample_591,Normal
Sample_592,Normal
Sample_593,Normal
Sample_594,Normal
Sample_595,GDM
Sample_596,Normal
Sample_597,Normal
Sample_598,Normal
Sample_599,Normal
Sample_600,Normal
Sample_601,Normal
Sample_602,Normal
Sample_603,Normal
Sample_604,Normal
Sample_605,Normal
Sample_606,Normal
Sample_607,Normal
Sample_608,Normal
Sample_609,Normal
Sample_610,Normal
Sample_611,Normal
Sample_612,Preeclampsia
Sample_613,Normal
Sample_614,Normal
Sample_615,GDM
Sample_616,Placental_Abruption
Sample_617,Normal
Sample_618,Normal
Sample_619,GDM
Sample_620,Preeclampsia
Sample_621,Normal
Sample_622,Normal
Sample_623,Normal
Sample_624,Normal
Sample_625,Normal
Sample_626,Normal
Sample_627,Normal
Sample_628,Preeclampsia
Sample_629,Normal
Sample_630,Normal
Sample_631,Preeclampsia
Sample_632,GDM
Sample_633,Normal
Sample_634,Normal
Sample_635,Normal
Sample_636,Normal
Sample_637,Normal
Sample_638,Normal
Sample_639,Normal
Sample_640,Normal
Sample_641,Normal
Sample_642,Normal
Sample_643,Normal
Sample_644,Normal
Sample_645,Normal
Sample_646,GDM
Sample_647,Normal
Sample_648,Normal
Sample_649,Preeclampsia
Sample_650,Normal
Sample_651,Normal
Sample_652,Normal
Sample_653,Normal
Sample_654,Preeclampsia
Sample_655,Normal
Sample_656,Normal
Sample_657,Normal
Sample_658,Normal
Sample_659,Normal
Sample_660,Normal
Sample_661,Normal
Sample_662,Placental_Abruption
Sample_663,Normal
Sample_664,Normal
Sample_665,Normal
Sample_666,Normal
Sample_667,Normal
Sample_668,Normal
Sample_669,Normal
Sample_670,Normal
Sample_671,Normal
Sample_672,GDM
Sample_673,Normal
Sample_674,Normal
Sample_675,Normal
Sample_676,Placental_Abruption
Sample_677,Normal
Sample_678,Normal
Sample_679,Placental_Abruption
Sample_680,GDM
Sample_681,GDM
Sample_682,Normal
Sample_683,Normal
Sample_684,Normal
Sample_685,Placental_Abruption
Sample_686,Normal
Sample_687,Normal
Sample_688,Normal
Sample_689,Preeclampsia
Sample_690,Normal
Sample_691,Normal
Sample_692,Normal
Sample_693,Normal
Sample_694,Normal
Sample_695,Normal
Sample_696,Normal
Sample_697,Normal
Sample_698,Normal
Sample_699,Normal
Sample_700,Normal
Sample_701,Normal
Sample_702,Normal
Sample_703,Normal
Sample_704,Normal
Sample_705,Normal
Sample_706,Placental_Abruption
Sample_707,Normal
Sample_708,GDM
Sample_709,Normal
Sample_710,Normal
Sample_711,Preeclampsia
Sample_712,Normal
Sample_713,Normal
Sample_714,Normal
Sample_715,Normal
Sample_716,Placental_Abruption
Sample_717,GDM
Sample_718,Placental_Abruption
Sample_719,Normal
Sample_720,Preeclampsia
Sample_721,Placental_Abruption
Sample_722,Normal
Sample_723,Normal
Sample_724,Preeclampsia
Sample_725,Normal
Sample_726,GDM
Sample_727,Normal
Sample_728,Preeclampsia
Sample_729,Normal
Sample_730,Normal
Sample_731,Normal
Sample_732,GDM
Sample_733,Normal
Sample_734,Normal
Sample_735,Normal
Sample_736,GDM
Sample_737,Normal
Sample_738,GDM
Sample_739,Normal
Sample_740,Normal
Sample_741,Normal
Sample_742,Normal
Sample_743,Preeclampsia
Sample_744,Normal
Sample_745,Normal
Sample_746,GDM
Sample_747,Normal
Sample_748,Normal
Sample_749,Placental_Abruption
Sample_750,Normal
Sample_751,Normal
Sample_752,Placental_Abruption
Sample_753,Normal
Sample_754,Normal
Sample_755,Normal
Sample_756,Preeclampsia
Sample_757,Normal
Sample_758,Normal
Sample_759,GDM
Sample_760,Preeclampsia
Sample_761,Normal
Sample_762,Normal
Sample_763,Normal
Sample_764,Preeclampsia
Sample_765,Normal
Sample_766,Normal
Sample_767,Preeclampsia
Sample_768,GDM
Sample_769,Normal
Sample_770,GDM
Sample_771,Normal
Sample_772,GDM
Sample_773,Normal
Sample_774,Normal
Sample_775,Preeclampsia
Sample_776,Normal
Sample_777,Normal
Sample_778,Preeclampsia
Sample_779,Preeclampsia
Sample_780,Normal
Sample_781,Normal
Sample_782,Normal
Sample_783,Normal
Sample_784,Normal
Sample_785,Normal
Sample_786,Placental_Abruption
Sample_787,Normal
Sample_788,Normal
Sample_789,Normal
Sample_790,Placental_Abruption
Sample_791,Normal
Sample_792,Normal
Sample_793,Normal
Sample_794,Normal
Sample_795,Normal
Sample_796,GDM
Sample_797,Placental_Abruption
Sample_798,Normal
Sample_799,Normal
Sample_800,Placental_Abruption
Sample_801,Preeclampsia
Sample_802,Normal
Sample_803,Normal
Sample_804,Normal
Sample_805,Normal
Sample_806,Preeclampsia
Sample_807,Placental_Abruption
Sample_808,Placental_Abruption
Sample_809,Normal
Sample_810,Normal
Sample_811,Placental_Abruption
Sample_812,GDM
Sample_813,Normal
Sample_814,Placental_Abruption
Sample_815,GDM
Sample_816,Normal
Sample_817,Normal
Sample_818,Normal
Sample_819,Normal
Sample_820,Normal
Sample_821,GDM
Sample_822,Normal
Sample_823,Normal
Sample_824,Normal
Sample_825,Normal
Sample_826,Placental_Abruption
Sample_827,Normal
Sample_828,Normal
Sample_829,Preeclampsia
Sample_830,Normal
Sample_831,Normal
Sample_832,Normal
Sample_833,Normal
Sample_834,Normal
Sample_835,Normal
Sample_836,Normal
Sample_837,Placental_Abruption
Sample_838,Normal
Sample_839,Normal
Sample_840,Normal
Sample_841,Normal
Sample_842,Normal
Sample_843,Normal
Sample_844,Placental_Abruption
Sample_845,Normal
Sample_846,Normal
Sample_847,Normal
Sample_848,Placental_Abruption
Sample_849,Normal
Sample_850,Normal
Sample_851,Normal
Sample_852,Preeclampsia
Sample_853,Normal
Sample_854,GDM
Sample_855,Normal
Sample_856,Normal
Sample_857,Normal
Sample_858,Normal
Sample_859,Normal
Sample_860,Normal
Sample_861,Preeclampsia
Sample_862,Normal
Sample_863,Normal
Sample_864,Normal
Sample_865,Normal
Sample_866,Normal
Sample_867,Normal
Sample_868,Normal
Sample_869,GDM
Sample_870,Placental_Abruption
Sample_871,Normal
Sample_872,Normal
Sample_873,Normal
Sample_874,Normal
Sample_875,Normal
Sample_876,Normal
Sample_877,Preeclampsia
Sample_878,Normal
Sample_879,Normal
Sample_880,Normal
Sample_881,Normal
Sample_882,Normal
Sample_883,Normal
Sample_884,Normal
Sample_885,Preeclampsia
Sample_886,Normal
Sample_887,Normal
Sample_888,Normal
Sample_889,Normal
Sample_890,Normal
Sample_891,Preeclampsia
Sample_892,GDM
Sample_893,GDM
Sample_894,Normal
Sample_895,Normal
Sample_896,Normal
Sample_897,Normal
Sample_898,GDM
Sample_899,Normal
Sample_900,Normal
Sample_901,Normal
Sample_902,Normal
Sample_903,Normal
Sample_904,Normal
Sample_905,Normal
Sample_906,GDM
Sample_907,GDM
Sample_908,Normal
Sample_909,Normal
Sample_910,Normal
Sample_911,Normal
Sample_912,Normal
Sample_913,Normal
Sample_914,Normal
Sample_915,Normal
Sample_916,Normal
Sample_917,Normal
Sample_918,Placental_Abruption
Sample_919,Preeclampsia
Sample_920,Normal
Sample_921,GDM
Sample_922,Normal
Sample_923,GDM
Sample_924,Preeclampsia
Sample_925,Normal
Sample_926,Normal
Sample_927,Normal
Sample_928,Normal
Sample_929,Normal
Sample_930,Normal
Sample_931,Normal
Sample_932,GDM
Sample_933,Placental_Abruption
Sample_934,Normal
Sample_935,Normal
Sample_936,Normal
Sample_937,Normal
Sample_938,Placental_Abruption
Sample_939,Normal
Sample_940,Normal
Sample_941,Normal
Sample_942,Normal
Sample_943,Normal
Sample_944,GDM
Sample_945,Normal
Sample_946,Normal
Sample_947,Normal
Sample_948,Placental_Abruption
Sample_949,GDM
Sample_950,Normal
Sample_951,Normal
Sample_952,Normal
Sample_953,Normal
Sample_954,Placental_Abruption
Sample_955,Normal
Sample_956,Normal
Sample_957,Normal
Sample_958,Normal
Sample_959,Normal
Sample_960,Preeclampsia
Sample_961,Normal
Sample_962,Normal
Sample_963,Normal
Sample_964,Normal
Sample_965,Normal
Sample_966,Normal
Sample_967,Preeclampsia
Sample_968,Normal
Sample_969,Normal
Sample_970,Normal
Sample_971,Normal
Sample_972,Placental_Abruption
Sample_973,Preeclampsia
Sample_974,Normal
Sample_975,Normal
Sample_976,Normal
Sample_977,Normal
Sample_978,Normal
Sample_979,Normal
Sample_980,Normal
Sample_981,Normal
Sample_982,Preeclampsia
Sample_983,Normal
Sample_984,Normal
Sample_985,Preeclampsia
Sample_986,Normal
Sample_987,Normal
Sample_988,Normal
Sample_989,Normal
Sample_990,GDM
Sample_991,Preeclampsia
Sample_992,Normal
Sample_993,Normal
Sample_994,Normal
Sample_995,Normal
Sample_996,Normal
Sample_997,Placental_Abruption
Sample_998,Normal
Sample_999,Placental_Abruption
Sample_1000,Normal
